ability,能力
able,能力
about,关于
above,以上
abroad,在国外
absence,没有
absent,缺席
abuse,滥用
academy,学院
accent,口音
accept,接受
accepts,接受
access,访问
accused,指责
ace,王牌
achieve,实现
acid,酸
acquire,收购
across,在
acrylic,丙烯酸
act,行为
acting,表演
action,行动
actions,行动
active,活跃的
actors,演员
actress,女演员
acts,行动
actual,实际
adapted,改编
adapter,适配器
adaptor,适配器
add,添加
added,添加
adding,添加
adjust,调整
admin,管理
admit,承认
adopted,采用
adult,成人
adults,成年人
advance,推进
adverse,不良
advert,广告
advice,建议
advise,建议
advised,建议
advisor,顾问
adware,广告软件
aerial,空中
affair,事件
affairs,事务
affect,影响
affects,影响
afford,负担
afraid,害怕
africa,非洲
african,非洲
after,后
again,再一次
against,反对
age,年龄
agency,机构
agenda,议程
agent,代理
agents,代理
ages,年龄
ago,前
agree,同意
agreed,同意
agrees,同意
aid,援助
aim,目的
air,空气
airfare,机票
airport,机场
alarm,报警
album,专辑
albums,专辑
alcohol,酒精
alerts,警报
algebra,代数
alias,别名
align,对齐
all,所有
alleged,所谓
allergy,过敏
allied,盟军
allow,允许
allowed,允许
allows,允许
alloy,合金
almost,几乎
alone,孤独
along,沿着
alpine,高山
already,已经
also,也
alter,改动
altered,改变
alumni,校友
always,总是
amateur,业余
amazing,令人惊异
amazon,亚马逊
amber,琥珀
ambient,环境
amend,修改
amended,修改
america,美国
amino,氨基
among,在
amongst,在
amount,量
amounts,量
analog,模拟
analyst,分析师
analyze,分析
anatomy,解剖学
anchor,锚
ancient,古老的
and,和
angeles,洛杉矶
angels,天使
angle,角
animal,动物
animals,动物
annie,安妮
annual,年度
another,另一个
answer,回答
answers,答案
ant,蚂蚁
antenna,天线
anxiety,焦虑
any,任何
anybody,任何人
anymore,更
anyone,任何人
anytime,任何时候
anyway,无论如何
apart,分开
apparel,服装
appeal,上诉
appeals,上诉
appear,出现
appears,出现
apple,苹果
applied,应用
apply,应用
approve,批准
approx,约
april,四月
apt,恰当的
aquatic,水生
arbor,阿伯
arc,弧
arcade,商场
archive,存档
arctic,北极
are,是
area,区域
areas,区域
arena,竞技场
argued,认为
arising,产生
arm,手臂
armor,护甲
arms,武器
army,军队
around,周围
arrange,安排
arrest,逮捕
arrival,到来
arrive,到达
arrived,到达
arrives,到达
arrow,箭头
art,艺术
article,文章
artist,艺术家
artists,艺术家
arts,艺术
artwork,艺术品
ash,灰
asia,亚洲
aside,一边
ask,问
asked,问
asking,问
aspect,方面
aspects,方面
assault,攻击
assess,评估
asset,资产
assets,资产
assign,分配
assist,协助
assists,协助
assume,假设
assumed,假定
assumes,假设
assure,保证
assured,保证
asthma,哮喘
asylum,庇护
ate,吃了
atom,原子
atomic,原子
attach,附加
attack,攻击
attacks,攻击
attempt,尝试
attend,参加
attract,吸引
auction,拍卖
audio,音频
audit,审计
auditor,审计师
august,八月
aurora,极光
austria,奥地利
author,作者
authors,作者
auto,汽车
autos,汽车
autumn,秋天
avatar,头像
avenue,大道
average,平均
avoid,避免
award,奖
awarded,授予
awards,奖
awesome,太棒了
awful,可怕的
babies,婴儿
baby,婴儿
back,回来
backed,支持
backing,支持
backup,备份
bacon,培根
bad,坏
badge,徽章
bag,袋
bags,袋
baking,烘焙
balance,平衡
ball,球
ballet,芭蕾舞
balloon,气球
ballot,投票
ban,禁止
banana,香蕉
band,乐队
bank,银行
banking,银行活动
banned,禁止
banner,横幅
banners,横幅
baptist,浸信会
bar,酒吧
barely,少有
bargain,讨价还价
barrel,桶
barrier,障碍
bars,酒吧
base,基地
based,基于
bases,基地
basic,基本
basics,基础
basin,盆地
basis,基础
basket,篮子
baskets,篮子
bass,低音
bat,蝙蝠
batch,批量
bath,浴
battery,电池
battle,战斗
bay,湾
beach,海滩
beaches,海滩
beads,珠子
beans,豆子
bear,熊
bearing,轴承
beat,击败
beats,节拍
beauty,美丽
beaver,海狸
became,成为
because,因为
become,成为
becomes,成为
bed,床上
bedding,床上用品
bedroom,卧室
bee,蜜蜂
been,被
before,之前
began,开始
begin,开始
begins,开始
begun,开始
behalf,代表
behind,后面
being,被
beings,人类
belgium,比利时
belief,信仰
beliefs,信仰
believe,相信
bell,铃铛
belle,美女
belly,腹部
belong,属于
belongs,属于
below,下面
belts,腰带
bench,板凳上
beneath,下
benefit,好处
berry,浆果
beside,旁边
besides,除了
best,最好的
bet,打赌
beta,β
better,更好的
betty,贝蒂
between,之间的
beyond,超越
bible,圣经
bicycle,自行车
bid,报价
bidder,投标人
bidding,投标
bids,投标
big,大
bigger,更大的
biggest,最大的
bike,自行车
bikes,自行车
billing,计费
billion,欧元
bin,箱子
binary,二进制
binding,绑定
biology,生物学
bird,鸟
birds,鸟
birth,出生
bit,位
bizarre,奇怪的
black,黑色的
blacks,黑人
blade,叶片
blades,叶片
blame,怪
blank,空白
blanket,毯子
blast,爆炸
blend,混合
bless,祝福
blessed,祝福
blind,盲目的
blink,眨眼
block,块
blocked,阻塞
blocks,区块
blog,博客
blogs,博客
blond,金发碧眼
blood,血
bloody,血腥的
bloom,布鲁姆
blow,打击
blowing,吹
blue,蓝色的
board,木板
boards,木板
boat,船
boating,划船
bodies,身体
body,身体
bolivia,玻利维亚
bond,债券
bonds,债券
bones,骨头
book,书
booking,预订
books,书
boolean,布尔
booth,展位
boots,靴子
border,边境
borders,边界
bored,无聊
boring,无聊的
born,出生
borough,区
both,这两个
bother,麻烦
bottle,瓶
bottles,瓶
bottom,底
bought,买了
boulder,巨石
bouquet,花束
bow,弓
bowling,保龄球
box,盒子
boxing,拳击
boy,男孩
boys,男孩
bra,胸罩
bracket,支架
brake,刹车
brakes,刹车
branch,分支
brand,品牌
brands,品牌
brass,广场
brave,勇敢的
brazil,巴西
breach,违反
break,打破
breaks,休息时间
breast,乳房
breasts,乳房
breath,呼吸
breed,品种
breeds,品种
brick,砖
bridal,新娘
bride,新娘
bridge,桥
bridges,桥梁
briefly,短暂的
briefs,三角裤
bright,明亮的
bring,带
brings,带来了
britain,英国
british,英国人
broader,更广泛的
broke,打破了
broken,破碎的
broker,代理
brokers,经纪人
bronze,青铜
brook,布鲁克
brother,哥哥
brought,带来了
brown,棕色
browse,浏览
browser,浏览器
brush,刷
brutal,残酷的
bubble,泡沫
bucks,雄鹿
budget,预算
budgets,预算
buffalo,水牛
buffer,缓冲
bufing,缓冲区
bug,错误
build,构建
builder,构建器
builds,构建
built,建
bullet,子弹
bumper,保险杠
bunch,群
bundle,包
burden,负担
bureau,局
buried,埋
burner,燃烧器
burning,燃烧
burns,烧伤
burst,破裂
bus,巴士
buses,巴士
but,但
butter,黄油
button,按钮
buttons,按钮
buy,买
buyer,买家
buyers,买家
buying,购买
bye,再见
cab,出租车
cabin,小屋
cabinet,内阁
cable,电缆
cables,电缆
cache,缓存
cached,缓存
cakes,蛋糕
calcium,钙
call,呼叫
called,被称为
calling,调用
calls,调用
came,来了
camel,骆驼
camera,相机
cameras,相机
camp,营
camping,野营
camps,营地
campus,校园
can,可以
canada,加拿大
canal,运河
cancel,取消
cancer,癌症
candle,蜡烛
candles,蜡烛
cannon,大炮
canvas,帆布
canyon,峡谷
cap,帽
capable,有能力
cape,角
capital,本金
capitol,国会大厦
captain,队长
capture,捕获
car,车
carbon,碳
card,卡
cardiac,心脏
cards,卡片
care,护理
career,职业
careers,职业
careful,小心
carey,凯里
cargo,货物
caring,关怀
carlo,卡洛
carpet,地毯
carried,进行
carrier,载体
carries,携带
cars,汽车
cart,车
cartoon,卡通
case,情况
cases,案件
cash,现金
casino,赌场
cast,投掷
casting,铸造
castle,城堡
casual,休闲
cat,猫
catalog,目录
catch,抓
cattle,牛
caught,抓住了
cause,导致
caused,引起的
causes,原因
causing,导致
caution,谨慎
cedar,雪松
ceiling,天花板
cell,细胞
cells,细胞
cement,水泥
cent,分
center,中心
centers,中心
central,中央
centre,中心
centres,中心
cents,美分
century,世纪
ceramic,陶瓷
certain,某些
chains,链
chair,椅子
chairs,椅子
chamber,室
chance,机会
chances,机会
change,改变
changed,改变了
changes,变化
channel,通道
chaos,混乱
chapter,章节
charge,负责
charged,带电
charger,充电器
charges,指控
charity,慈善
charm,魅力
charms,魅力
charter,宪章
charts,图表
chase,追逐
chassis,底盘
chat,聊天
cheaper,更便宜的
cheats,骗子
check,检查
checked,检查
checks,检查
cheers,干杯
cheese,奶酪
cheque,支票
cherry,樱桃
chess,国际象棋
chick,小鸡
chicken,鸡
chicks,小鸡
chief,首席
child,孩子
chile,黄铜
chinese,中国人
chips,芯片
choice,选择
choices,选择
choir,唱诗班
choose,选择
chorus,合唱
chose,选择
chosen,选择
chronic,慢性
church,教堂
cinema,电影
circle,圆圈
circles,圆圈
circuit,电路
circus,马戏团
cities,城市
citizen,公民
city,城市
civic,公民
civil,民事
claim,索赔
claimed,声称
claims,索赔
clarity,清晰
class,班级
classes,类型
classic,经典
clause,条款
clean,清洁
cleaner,更清洁的
cleanup,清理
clear,清晰的
cleared,清除
clearly,很明显
clerk,职员
clicks,点击
client,客户端
clients,客户
cliff,悬崖
climate,气候
climb,爬
clinic,诊所
clinics,诊所
clip,剪辑
clocks,时钟
close,关闭
closed,关闭
closely,密切
closer,更紧密的
closes,关闭
closing,关闭
closure,关闭
cloth,布
clothes,衣服
cloud,云
clouds,云
cloudy,多云的
club,俱乐部
cluster,集群
coaches,教练
coast,海岸
coastal,沿海
coated,涂层
coating,涂层
cod,鳕鱼
code,代码
coding,编码
coffee,咖啡
coins,硬币
cold,冷
collar,领
collect,收集
college,大学
colon,结肠
colony,殖民地
color,颜色
colored,彩色的
colors,颜色
colour,颜色
colours,颜色
column,列
columns,列
combat,战斗
combine,结合
come,来
comedy,喜剧
comes,来了
comfort,安慰
comic,漫画
comics,漫画
coming,未来
command,命令
comment,评论
commit,提交
common,常见
commons,下议院
compact,紧凑
compare,比较
compete,竞争
compile,编译
complex,复杂
comply,遵守
compute,计算
concept,概念
concern,关注
concert,音乐会
condo,公寓
condos,公寓
conduct,行为
config,配置
confirm,确认
connect,连接
consent,同意
consist,组成
console,控制台
consult,咨询
contact,联系
contain,包含
content,内容
contest,比赛
context,上下文
convert,转换
cook,烹饪
cooked,煮熟的
cookie,饼干
cookies,饼干
cooking,烹饪
cool,酷
cooler,冷却器
cooling,冷却
cop,警察
copied,复制
copies,副本
copper,铜
copy,复制
copying,复制
coral,珊瑚
core,核心
corner,角落里
corners,角落
corps,队
corpus,语料库
correct,正确的
cost,成本
costs,成本
costume,服装
cottage,小屋
cotton,棉花
council,委员会
counsel,法律顾问
count,数
counted,数
counted,数
counter,计数器
country,国家
counts,计数
county,县
couple,夫妇
coupled,耦合
couples,夫妻
coupon,优惠券
coupons,优惠券
courage,勇气
courier,快递
course,课程
courses,课程
court,法院
courts,法院
cover,封面
covered,覆盖
covers,涵盖了
cow,牛
cowboy,牛仔
crack,裂纹
cradle,摇篮
craft,工艺
crafts,工艺品
crash,崩溃
create,创建
created,创建
creates,创建
creator,创造者
credit,信贷
credits,学分
creek,溪
crest,鸡冠
cricket,板球
crime,犯罪
crimes,犯罪
crisis,危机
critics,批评
crops,作物
cross,交叉
crowd,人群
crown,皇冠
crucial,至关重要
crude,原油
cruise,巡航
cruises,邮轮
cry,哭
crystal,水晶
cuisine,菜
culture,文化
cup,杯
curious,好奇的
cursor,光标
curve,曲线
curves,曲线
custody,监护权
custom,自定义
customs,海关
cut,减少
cutting,切割
cycles,周期
cycling,骑自行车
dad,爸爸
daily,每天
dairy,乳制品
dam,水坝
damage,损害
damaged,损坏的
damages,损害赔偿
dance,跳舞
dancing,跳舞
danger,危险
danish,丹麦
dark,黑暗
data,数据
date,日期
dated,过时的
dates,日期
dating,约会
day,一天
days,天
dead,死
deadly,致命的
deal,交易
dealer,经销商
dealers,经销商
dealing,处理
deals,交易
dealt,处理
death,死亡
deaths,死亡
debate,辩论
debt,债务
debug,调试
debut,首次亮相
decade,十年
decades,几十年
decent,体面的
decide,决定
decided,决定
decimal,小数
declare,声明
decline,下降
decor,装饰
deemed,认为
deep,深的
deeper,更深层
deeply,深深
default,默认
defeat,失败
defects,缺陷
defence,国防
defend,捍卫
defense,国防
deficit,赤字
define,定义
defined,定义
defines,定义了
degree,学位
degrees,度
delayed,延迟
delays,延迟
delete,删除
deleted,删除
delight,喜悦
deliver,交付
deluxe,豪华
demand,需求
demands,要求
den,窝
denial,否认
dense,密集的
density,密度
dental,牙科
depend,依赖
depends,取决于
deposit,存款
depot,得宝
deputy,副手
derby,德比
derived,衍生的
desert,沙漠
deserve,应得的
design,设计
designs,设计
desire,欲望
desired,想要的
desk,桌子上
desktop,桌面
despite,尽管
destroy,摧毁
detail,细节
detect,检测
develop,开发
deviant,异常
device,设备
devices,设备
devoted,专门
diagram,图
dialog,对话框
diamond,钻石
diary,日记
did,做了
die,死
died,死了
diesel,柴油
diet,饮食
dietary,饮食
differ,不同
dig,挖
digest,消化
digit,数字
digital,数字
dim,昏暗
dining,餐厅
dinner,晚餐
dip,浸
diploma,文凭
direct,直接
disable,禁用
disc,碟盘
disco,迪斯科
discuss,讨论
disease,疾病
dishes,菜
disk,磁盘
disks,磁盘
disney,迪斯尼
display,显示
dispute,争端
distant,遥远的
diverse,多样化的
divide,分
divided,划分
divine,神圣的
diving,潜水
divorce,离婚
doctor,医生
doctors,医生
doe,母鹿
does,做
dog,狗
dogs,狗
doing,做
dollar,美元
dollars,美元
domain,域
donate,捐赠
donated,捐赠
done,完成
donor,捐赠
donors,捐助者
door,门
doors,门
dosage,剂量
dot,点
double,双
doubt,怀疑
down,下来
dozen,一打
dozens,几打
dragon,龙
drain,排水
draw,画
drawing,画
drawn,披萨
draws,吸引了
dreams,梦想
dressed,穿着
dresses,礼服
dried,干
drill,钻
drinks,饮料
drive,开车
driven,驱动
driver,司机
drivers,司机
drives,驱动器
driving,开车
drop,掉下
dropped,掉了
drops,滴
drugs,药物
drums,鼓
dry,干
dryer,干燥机
dual,双
due,由于
durable,耐用
during,在
dutch,荷兰
duties,职责
duty,责任
dynamic,动态
each,每一个
eagle,鹰
ear,耳朵
earlier,早些时候
early,早期
earned,赢得了
earning,收入
earth,地球
easier,更容易
easily,很容易
easter,复活节
eastern,听力
easy,容易
eat,吃
eating,吃
ebay,易趣
eclipse,日蚀
ecology,生态
economy,经济
edge,边缘
edges,边缘
edit,编辑
edited,编辑了
editing,编辑中
edition,版
editor,编辑器
editors,编辑器
effect,效果
effects,影响
effort,努力
efforts,努力
egg,蛋
egypt,埃及
either,要么
elder,长者
elderly,上了年纪的
elected,当选
electro,电
elegant,优雅的
element,元素
eleven,十一
else,其他的
email,电子邮件
emails,电子邮件
embassy,大使馆
emerald,翡翠
emperor,皇帝
empire,帝国
employ,雇佣
enable,启用
enabled,启用
enables,使
end,结束
ending,结束中
endless,没完没了
ends,结束
enemies,敌人
enemy,敌人
energy,能源
engage,参与
engaged,订婚了
engine,引擎
engines,引擎
england,英格兰
english,英语
enhance,增强
enjoy,享受
enjoyed,享受
enlarge,扩大
enough,足够
enquiry,询盘
ensure,确保
ensures,确保
enter,输入
entered,进入
enters,进入
entire,整个
entity,实体
entries,治疗
entry,条目
enzyme,酶
episode,集数
equally,同样
equity,股本
era,时代
error,错误
errors,错误
escape,逃避
escorts,护送
essay,文章
essays,论文
essence,本质
estate,房地产
estates,地产
estonia,爱沙尼亚
eternal,永恒的
ethical,道德
ethics,道德
ethnic,少数民族
europe,欧洲
euros,欧元
eve,前夕
even,甚至
evening,晚上
event,事件
events,事件
ever,过
every,每一个
evident,很明显
exactly,完全
examine,检查
example,例子
exams,考试
exceed,超过
except,除了
excerpt,摘录
excess,多余的
excited,兴奋
exclude,排除
excuse,借口
execute,执行
exempt,免除
exhaust,排气
exhibit,展览
existed,存在
exists,存在
exit,退出
exotic,异国情调
expand,扩大
expect,预计
expects,预计
expense,费用
expert,专家
experts,专家
expired,过期的
expires,到期
explain,解释
explore,探索
export,出口
exports,出口
exposed,暴露
express,表达
extend,扩展
extends,扩展
extent,程度上
extra,额外的
extract,提取
extras,临时演员
extreme,极端的
eye,眼睛
eyes,眼睛
fabric,织物
fabrics,面料
face,脸
faced,面对
faces,脸
facial,面部
facing,面对
fact,事实
factor,因素
factors,因素
factory,工厂
facts,事实
faculty,教师
fail,失败
failed,失败的
failing,失败
fails,失败
failure,失败
fair,公平
fairly,相当
fairy,仙女
faith,信仰
fall,秋天
fallen,下降
falling,下降
family,家庭
famous,著名的
fan,粉丝
fancy,花俏的
fans,球迷
fantasy,幻想
far,远
fares,票价
farm,农场
farmer,农民
farmers,农民
farming,农业
farms,农场
fashion,时尚
fast,快
faster,快
fastest,最快
fat,脂肪
father,父亲
fathers,父亲
fatty,油腻的
fault,错
favor,忙
favors,支持
favour,支持
fax,传真
fear,恐惧
fears,恐惧
feature,功能
federal,联邦
fee,费
feed,饲料
feeding,喂养
feel,感觉
feeling,感觉
feels,感觉
fees,费用
feet,脚
fellow,研究员
felt,感觉
female,女
females,女性
fence,栅栏
ferry,渡船
fever,发热
few,几
fewer,更少的
fiber,纤维
fibre,纤维
fiction,小说
field,场
fields,字段
fifteen,十五
fifty,五十
fig,无花果
fighter,战斗者
figure,数字
figured,的算
figures,数据
file,文件
files,文件
filing,申请
fill,填满
filled,填满
filling,填充
film,电影
filter,过滤器
filters,过滤器
fin,鳍
final,最后
finally,最后
finals,决赛
finance,金融
find,找到
finder,发现者
finding,发现
fine,细
finest,最好的
finger,手指
fingers,手指
finish,完成
finite,有限的
fire,火
fires,火灾
firm,公司
first,第一个
fish,鱼
fishing,钓鱼
fit,适合
fitness,健身
fitted,安装
fitting,拟合
five,五个
fix,修复
fixed,固定
fixes,修复
flag,国旗
flags,旗帜
flame,火焰
flat,平
flavor,味道
fleece,羊毛
fleet,舰队
flesh,肉
flight,飞行
flights,航班
float,浮动
flood,洪水
floor,地板上
floors,地板
floppy,软盘
floral,花
florist,花店
flour,面粉
flow,流
flower,花
flowers,花
flows,流
flu,流感
flush,冲洗
fly,飞
flying,飞行
focus,焦点
focused,集中
focuses,集中
fog,雾
folder,文件夹
folders,文件夹
folding,折叠
follow,遵循
follows,遵循
font,字体
fonts,字体
food,食物
foot,脚
footage,镜头
for,为
force,力
forced,强迫
forces,部队
ford,涉过
foreign,外国
forest,森林
forests,森林
forever,永远
forge,打造
forget,忘记
forgot,忘记了
form,形式
formal,正式的
format,格式
formats,格式
formed,形成
former,前
forming,形成
forms,形式
formula,公式
fort,堡
forth,出来
fortune,财富
forum,论坛
forward,向前
fossil,化石
fought,战斗
found,发现
founded,成立
founder,创始人
four,四
fourth,第四
fox,狐狸
frame,框架
framed,框架
frames,帧
framing,框架
france,法国
free,免费的
freedom,自由
freely,自由
freeze,冻结
freight,运费
french,法国
fresh,新鲜的
friday,星期五
fridge,冰箱
friend,朋友
friends,朋友
from,从
front,前面
frost,霜
frozen,冻
fruits,水果
fuel,燃料
full,完整的
fully,完全
fun,有趣的
fund,基金
funded,资助
funding,资金
funds,基金
fur,皮毛
further,进一步
fusion,融合
future,未来
futures,期货
fuzzy,模糊
gain,获得
gained,获得了
galaxy,星系
game,游戏
games,游戏
gaming,游戏
gap,差距
garage,车库
garbage,垃圾
garden,花园
gardens,花园
garlic,大蒜
gas,气体
gateway,网关
gather,收集
gauge,计
gave,给
gazette,公报
gear,齿轮
gel,凝胶
gem,宝石
gender,性别
gene,基因
general,一般
generic,通用的
genes,基因
genesis,起源
genetic,遗传
genius,天才
genres,类型
gentle,温柔的
gently,轻轻
genuine,真正的
geology,地质
georgia,乔治亚州
german,德国
germany,德国
get,得到
gets,得到
getting,得到
giant,巨大的
giants,巨人
gift,礼物
girl,女孩
girls,女孩
give,给
given,鉴于
gives,给了
giving,给
glance,看
glass,玻璃
glasses,眼镜
glenn,格伦
global,全球
globe,骄傲
glory,荣耀
gloves,手套
glucose,葡萄糖
goal,目标
goals,目标
god,神
goes,去
going,会
gold,黄金
golden,金
golf,高尔夫球
gone,走了
good,好
goods,货物
gospel,福音
gossip,闲话
got,得到了
gothic,哥特
gotten,得到
gourmet,美食
grace,格蕾丝
grade,年级
grades,成绩
grain,粮食
grammar,语法
grams,克
grand,大
granny,奶奶
grant,赐予
granted,授予
grants,奖助金
graph,图
graphic,图形
graphs,图
grass,草
grave,坟墓
gravity,重力
great,伟大的
greater,更大的
greatly,极大地
greece,希腊
green,绿色
grill,烧烤
grocery,杂货店
groove,槽
gross,总值
ground,地面
grounds,理由
group,集团
groups,组
grove,林子
grow,成长
growing,升级
grown,种植
grows,生长
growth,增长
guards,警卫
guest,客人
guests,客人
guide,引导
guided,引导
guides,指南
guild,公会
guilty,有罪
guitar,吉他
guitars,吉他
gun,枪
guy,的家伙
gym,健身房
habitat,栖息地
habits,习惯
hacker,黑客
had,有
hair,头发
half,一半
hall,大厅
ham,火腿
hammer,锤
hand,手
handed,递给
handle,处理
handled,处理
handles,处理
hands,手
handy,方便的
hanging,挂
happen,发生
happens,发生
happy,快乐
harbor,港
harbour,港口
hard,硬
harder,困难
hardly,非常难
harmful,有害的
harmony,和谐
harvest,收获
has,有
hat,帽子
have,有
haven,还
having,有
hay,干草
hazard,危害
hazards,危害
head,头
headed,领导
header,头
headers,头
heading,标题
heads,头
headset,耳机
healing,疗愈
health,健康
healthy,健康的
hear,听到
heard,听到
hearing,听力
heart,心
hearts,心
heat,热
heated,加热
heater,加热器
heating,加热
heaven,天堂
heavily,严重
heavy,重
height,高度
heights,高度
held,举行
hell,地狱
helmet,头盔
help,帮助
helped,帮助
helpful,有帮助的
helping,帮助
her,她的
herbal,草药
herbs,草本植物
here,在这里
hereby,在此
herein,在此
heroes,英雄
herself,自己
hey,嘿
hidden,隐藏的
hide,隐藏
high,高
higher,更高的
highest,最高
highly,高度
highs,高位
highway,高速公路
hiking,徒步旅行
hill,山
him,他
himself,自己
hip,臀部
hire,雇佣
hired,聘请
hiring,招聘
his,他的
hit,打击
hits,打
hitting,打
hobbies,爱好
hobby,爱好
hockey,曲棍球
hold,持有
holder,持有人
holders,持有人
holding,持有
holds,持有
hole,洞
holes,孔
holiday,假期
holland,荷兰
hollow,空心
holly,冬青
holy,神圣的
home,首页
homes,房屋
honest,诚实的
honey,蜂蜜
hong,香港
honor,荣誉
honors,荣誉
hop,跳
hope,希望
hoped,希望
hopes,希望
hoping,希望
horizon,地平线
hormone,激素
horror,恐怖
horse,马
horses,马
host,主方
hosted,主持
hostel,旅馆
hostels,旅馆
hosts,主机
hot,热
hotel,酒店
hotels,酒店
hottest,最热的
hour,小时
hourly,每小时
hours,小时
house,房子
houses,房子
housing,住房
how,如何
however,然而
hub,中心
huge,巨大的
human,人类
humans,人类
humor,幽默
hundred,百
hungary,匈牙利
hunger,饥饿
hungry,饿了
hunter,猎人
hunting,狩猎
husband,丈夫
hybrid,混合动力
hygiene,卫生
ice,冰
iceland,冰岛
icon,图标
idea,想法
ideas,想法
ignore,忽略
ignored,忽略了
ill,生病
illegal,非法
illness,疾病
image,图像
images,图片
imagine,想象
imaging,成像
immune,免疫
impact,影响
impacts,影响
implies,意味着
import,进口
imports,进口
impose,实施
imposed,实施
improve,改善
inch,英寸
inches,英寸
include,包括
income,收入
indeed,确实
index,指数
indexes,索引
indian,印度
indians,印度人
indices,指数
indie,独立
indoor,室内
infant,婴儿
infants,婴儿
info,信息
inform,通知
initial,最初的
injured,受伤的
injury,受伤
ink,墨水
inline,内联
inn,酒店
inner,内部
input,输入
inputs,输入
inquire,查询
inquiry,调查
insects,昆虫
insert,插入
inside,内部
insider,内幕
insight,洞察力
install,安装
instant,即时
instead,更情愿
insulin,胰岛素
insured,被保险人
intake,摄入
integer,整数
intend,意愿
intense,强烈的
intent,意图
interim,临时
into,进入
intro,介绍
invalid,无效的
invest,投资
invite,邀请
invited,邀请
invoice,发票
involve,涉及
ion,离子
iran,伊朗
iraq,伊拉克
ireland,爱尔兰
iron,铁
island,岛
islands,岛屿
issue,问题
issued,发布
issues,问题
italian,意大利人
italic,斜体
item,项
items,项目
its,它的
itself,本身
ivory,象牙
jacket,夹克
jackets,夹克
jam,果酱
japan,日本
jar,罐
jay,松鸦
jazz,爵士乐
jean,牛仔裤
jeans,牛仔裤
jersey,泽西岛
jet,飞机
jewel,珠宝
jewelry,珠宝
job,工作
jobs,工作
join,加入
joined,加入
joining,加入
jokes,笑话
journal,杂志
journey,旅程
joy,快乐
judges,法官
juice,汁
jump,跳
jumping,跳
jungle,丛林
junior,新手
just,只是
justice,正义
justify,证明
karaoke,卡拉OK
keep,保持
keeping,保持
kept,保持
kernel,内核
key,关键
keys,键
keyword,州
kid,孩子
kidney,肾脏
kids,孩子们
killed,杀了
killer,杀手
killing,杀死
kills,杀死
kinase,激酶
kind,种类
king,王
kingdom,王国
kissing,接吻
kit,工具包
kitchen,厨房
kits,包
kitty,小猫
knew,知道
knife,刀
knight,骑士
knives,刀
knock,敲门
know,知道
knowing,知道
known,已知
label,标签
labeled,标签
labels,标签
labor,劳动
labour,劳动力
lack,缺乏
ladder,梯
ladies,女士们
lady,女士们
lake,湖火
lakes,湖泊
lambda,λ
lamps,灯
land,土地
landing,着陆
lands,土地
lane,车道
lanes,车道
lap,腿上
laptop,笔记本电脑
laptops,笔记本电脑
large,大
largely,很大程度
larger,更大的
largest,最大
last,最后的
lasting,持久的
late,迟
lately,最近
later,迟些
latest,最新的
latin,拉丁
latino,拉丁美洲人
latter,后者
laugh,笑
launch,发射
laundry,洗衣
law,法律
laws,法律
lawsuit,诉讼
lawyer,律师
lawyers,律师
lay,躺
layers,层
layout,布局
lead,引领
leader,领袖
leaders,领导人
leading,领先的
league,联盟
learn,学习
learned,学会了
lease,租赁
leasing,租赁
least,至少
leather,皮革
leave,离开
leaves,叶子
leaving,离开
lecture,讲座
led,领导
left,左边
leg,腿
legacy,遗产
legal,法律
legally,合法
legend,传说
legends,传说
leisure,休闲
lemon,柠檬
lender,银行
lenders,银行
lending,贷款
length,长度
lens,镜头
lenses,镜头
less,少
lesser,较小的
lesson,教训
lessons,教训
let,让
letter,信件
letters,信件
letting,让
level,水平
levels,水平
liable,责任
liberty,自由
library,图书馆
licence,执照
license,许可证
licking,舔
lid,盖子
lie,谎言
life,生活
light,光
lighter,更轻的
lights,灯
like,就像
liked,喜欢
likely,可能
likes,喜欢
limit,限制
limits,限制
line,线
linear,线性
lined,排
lines,行
link,连接
linked,有关
linking,连接
links,链接
lions,狮子
lip,唇
liquid,液体
list,列表
listed,上市
listen,听
lists,列表
lit,点燃
little,小
live,生活
lived,住
liver,肝
lives,生活
living,生活
load,负载
loaded,加载
loading,加载
loads,加载
loan,贷款
loans,贷款
lobby,大堂
local,当地的
locale,语言环境
locally,在本地
locate,定位
located,位于
locked,锁着的
locking,锁定
locks,锁
lodging,住宿
log,木头
logan,洛根
logged,记录
logging,日志记录
logical,逻辑
login,登录
logo,标志
lonely,孤独
long,长
longer,更长
looked,看起来
looking,看
looks,看起来
lookup,查找
loops,循环
loose,宽松的
lord,主
lose,失去
losing,失去
loss,损失
losses,损失
lost,失去
lot,很多
lots,很多
lottery,彩票
lotus,莲花
love,爱
loved,爱
lovely,可爱的
lovers,情人
loves,爱
loving,爱的
low,低
lower,较低的
lowest,最低
luggage,行李
luxury,奢侈品
lying,说谎
lyric,歌词
lyrics,歌词
machine,机
mad,疯了
made,使
magic,魔法
magical,神奇的
magnet,磁铁
maiden,少女
mail,邮件
mailing,邮件
mailman,邮差
mails,邮件
main,主要
mainly,主要是
major,主要
make,使
makers,制造商
makes,使
makeup,化妆
making,制作
male,男性
males,男性
man,男人
manage,管理
managed,管理
manager,经理
mandate,授权
manner,方式
manor,庄园
manual,手册
manuals,手册
many,许多
map,地图
maple,枫木
mapping,映射
maps,地图
marble,大理石
march,三月
marco,马可
margin,保证金
marine,海洋
mark,标记
marked,标志着
marker,标记
markers,标记
market,市场
markets,市场
marking,标记
married,结婚了
marsh,沼泽
martial,武术
mass,质量
massage,按摩
massive,大量
master,主
masters,大师
mat,垫
match,匹配
matched,匹配
matches,匹配
math,数学
mating,交配
matrix,矩阵
matter,事
matters,事情
mature,成熟
maximum,最大
may,五月
maybe,也许
meals,餐
mean,意思
meaning,意义
means,意味着
meant,的意思
measure,测量
medal,勋章
media,媒体
median,中位数
medical,医疗
medium,媒介
meet,满足
meeting,会议
meets,满足
member,成员
memory,内存
men,男人
mental,精神
mention,提到
mentor,导师
menu,菜单
menus,菜单
mercury,汞
mercy,怜悯
merely,仅仅是
merge,合并
merger,合并
merit,优点
merry,快乐
mesh,网
met,见过
metal,金属
metals,金属
meters,米
method,方法
methods,方法
metres,米
metric,度规
metro,地铁
mexican,墨西哥
meyer,迈耶
mid,中期
middle,中间
might,可能
mighty,强大的
mileage,里程
miles,英里
million,几百万
min,最小值
mind,心
minds,思想
mine,我的
mineral,矿物
mini,迷你
minimal,最小的
minimum,最低
mining,矿业
minus,减
minute,一分钟
minutes,分钟
miracle,奇迹
mirror,镜子
mirrors,镜子
miss,小姐
missed,错过了
missile,导弹
missing,失踪
mission,任务
mistake,错误
mix,混合
mixer,混合机
mixing,混合
mixture,混合物
mobile,移动
mobiles,手机
mode,模式
model,模型
models,模型
modems,调制解调器
modern,现代
modes,模式
modify,修改
modular,模块化
module,模块
modules,模块
mom,妈妈
moment,时刻
moments,时刻
mon,我的
monday,周一
money,钱
monitor,监控
monkey,猴子
monster,怪物
month,月
monthly,每月
months,个月
moon,月亮
more,更多的
morning,早安
morocco,摩洛哥
most,大多数
mostly,主要是
motel,汽车旅馆
mother,母亲
mothers,母亲
motion,运动
motor,电动机
motors,汽车
mount,山
mounted,安装
mounts,挂载
move,移动
movers,搬运工
moves,移动
movie,电影
movies,电影
moving,移动
much,多
mud,泥
mug,杯子
multi,多
muscle,肌肉
muscles,肌肉
museum,博物馆
museums,博物馆
music,音乐
musical,音乐的
must,必须
mustang,野马
mutual,相互
myrtle,香桃木
myself,我自己
mystery,神秘
nails,指甲
name,名字
namely,即
names,名字
narrow,狭窄
nation,国家
nations,国家
native,本地的
natural,自然
nature,自然
naughty,淘气
naval,海军
near,附近
nearby,附近
nearest,最近
nearly,接近
need,需要
needed,需要
needle,针
needs,需要
neither,既不
nerve,神经
nervous,紧张
nested,嵌套的
net,网
neural,神经
neutral,中性
never,从来没有
new,新
newbie,新手
newer,更新的
newest,最新的
news,新闻
next,下一个
nice,不错的
nickel,镍
night,晚上
nights,晚上
nil,零
nine,九个
nipple,乳头
noble,高贵的
nobody,没有人
nodes,节点
non,非
none,没有一个
normal,正常的
north,北
norway,挪威
not,不
note,笔记
notes,笔记
nothing,没有什么
notice,请注意
noticed,注意到
notices,通知
notify,通知
notion,概念
notre,诺特
novelty,新奇的事物
now,现在
nowhere,地方
nuclear,核
null,无效
number,数量
numbers,数字
numeric,数字
nurse,护士
nursery,托儿所
nurses,护士
nursing,护理
nut,螺母
nylon,尼龙
oak,橡木
oasis,绿洲
obesity,肥胖
object,对象
objects,对象
observe,观察
obtain,获得
obvious,明显的
occurs,发生
october,十月
odd,奇怪的
off,从
offense,进攻
offer,提供
offered,提供
offers,提供了
office,办公室
officer,官
offices,办公室
offline,离线
offset,抵消
often,经常
oil,石油
old,老
older,更老
oldest,最古老的
olive,橄榄
olympic,奥运
once,一次
one,一个
ones,的
ongoing,正在进行的
onion,洋葱
online,在线
only,只有
onto,到
open,开放
opened,打开
opening,开放
opens,打开
operate,操作
opinion,意见
opposed,反对
optical,光学
optics,光学
optimal,最优
optimum,最优
option,选项
options,选项
orange,橙色
orbit,轨道
order,订单
orders,订单
organ,器官
organic,有机
orgasm,高潮
origin,起源
origins,起源
other,其他
others,其他人
ought,应该
our,我们的
out,出
outcome,结果
outdoor,户外
outer,外
outlet,出口
outlets,网点
outline,大纲
outlook,前景
output,输出
outputs,输出
outside,外
over,在
overall,整体
own,自己的
owner,老板
owners,主人
oxide,氧化
oxygen,氧气
pacific,太平洋
pack,包
packed,包装
packet,包
packets,包
packing,包装
packs,包
pad,垫
page,页面
pages,页面
paid,支付
pain,疼痛
painful,痛苦的
painted,画
pair,一对
pairs,双
pal,朋友
palace,宫殿
palm,棕榈
pan,锅
panel,面板
panels,面板
panic,恐慌
panties,内裤
pants,裤子
paper,纸
papers,论文
parade,游行
parcel,包裹
parent,家长
parents,父母
parish,教区
park,公园
parking,停车
part,部分
partial,部分
parties,方
partly,部分
partner,伙伴
parts,部分
party,派对
pass,通过
passage,通道
passed,通过了
passes,通过
passing,通过
passion,激情
passive,被动
past,过去的
pasta,意大利面
paste,粘贴
pastor,牧师
pat,轻拍
patch,补丁
patches,补丁
patent,专利
patents,专利
path,路径
paths,路径
patient,病人
patio,天井
patrol,巡逻
pattern,模式
pay,支付
payable,应付
paying,支付
payment,付款
payroll,工资
peace,和平
peak,峰
pee,尿尿
peers,同行
pen,笔
penalty,点球
pencil,铅笔
pendant,吊坠
pending,等待
penguin,企鹅
penny,一分钱
pension,养老金
people,人
peoples,人民
pepper,胡椒
per,每
percent,百分比
perfect,完美的
perform,执行
perfume,香水
perhaps,也许
period,期间
periods,期间
permit,许可证
permits,许可证
persian,波斯
person,人
persons,人
pet,宠物
petite,娇小的
pets,宠物
phantom,幻影
phase,阶段
phases,阶段
phoenix,凤凰
phone,电话
phones,手机
photo,照片
photos,照片
phrase,短语
phrases,短语
physics,物理
piano,钢琴
pick,选择
picked,选
picking,挑选
picks,选择
picnic,野餐
picture,图片
pie,派
piece,一块
pieces,块
pig,猪
pillow,枕头
pin,销
pink,粉红色
pioneer,先锋
pipes,管道
pirates,海盗
pit,坑
pitch,球场
pixel,像素
pixels,像素
pizza,码
place,地方
placed,放置
places,地方
placing,放置
plains,平原
plan,计划
plane,飞机
planes,飞机
planet,地球
planets,行星
planned,计划
planner,规划师
plans,计划
plant,植物
plants,植物
plasma,等离子体
plastic,塑料
plates,盘子
play,玩
played,玩
player,球员
players,球员
playing,玩
plaza,追求
please,请
pleased,很高兴
pledge,承诺
plenty,很多
plots,情节
plug,插头
plugin,插件
plus,加
pocket,口袋里
pockets,口袋
pod,圆荚体
podcast,播客
poems,诗
poetry,诗歌
point,点
pointed,指出
pointer,指针
points,点
poison,毒药
poland,波兰
polar,极地
police,警察
policy,政策
polish,波兰的
poll,民意调查
polls,民意调查
polymer,聚合物
pool,池
pools,池
popular,受欢迎的
port,港口
portal,门户
porter,搬运工
portion,部分
ports,港口
posing,摆姿势
possess,拥有
post,帖子
postage,邮资
postal,邮政
posted,发布
poster,海报
posters,海报
posting,发布
posts,帖子
pot,锅
potato,土豆
potter,陶匠
pottery,陶器
poultry,家禽
pounds,磅
poverty,贫困
powder,粉
power,权力
powers,权力
prairie,草原
praise,赞美
prayer,祈祷
prayers,祈祷
precise,精确的
predict,预测
prefer,更喜欢
prefers,更喜欢
prefix,前缀
premium,自由
prepaid,预付
prepare,准备
present,现在
press,新闻
pressed,按下
pretty,漂亮
prevent,防止
preview,预览
price,价格
priced,定价
prices,价格
pricing,定价
pride,智利
priest,牧师
primary,主要
prime,主要的
prince,王子
print,打印
printed,印刷
printer,打印机
prints,打印
prison,监狱
privacy,隐私
prizes,奖
pro,专业
probe,探针
problem,问题
proceed,继续进行
process,过程
produce,生产
profile,配置文件
profit,利润
profits,利润
promise,承诺
promo,促销
promote,促进
prompt,提示
proper,适当的
prophet,先知
propose,提出
protect,保护
protein,蛋白质
protest,抗议
proud,骄傲
proudly,自豪地
proved,证明了
proven,证明
provide,提供
pub,酒吧
public,公共
publish,发布
puerto,波
pulled,拉
pulling,拉
pulse,脉冲
pumps,泵
punch,穿孔
pupils,学生
puppy,小狗
pure,纯
purple,紫色
purpose,目的
purse,钱包
pursue,追求
pursuit,追求
pushed,推
pushing,推
put,把
putting,把
puzzle,谜题
puzzles,谜题
qualify,有资格
quality,质量
quantum,量子
quarter,季度
queens,皇后
queries,查询
quest,反式
quick,快速
quickly,很快
quiet,安静的
quilt,被子
quite,相当
quizzes,小测验
quote,报价
quoted,引用
quotes,报价
rabbit,兔子
race,比赛
races,比赛
racial,种族
racing,赛车
racks,架
radar,雷达
radical,激进的
radio,广播
radios,收音机
radius,半径
railway,铁路
rain,雨
rainbow,彩虹
raised,提高了
raises,提出了
raising,提高
rally,集会
ram,内存
ran,跑
ranch,牧场
random,随机
range,范围
ranger,护林员
rangers,护林员
ranges,范围
ranging,测距
rank,排名
ranked,排名
ranking,排名
ranks,排名
rap,说唱
rapid,快速
rapidly,迅速
rapids,急流
rare,罕见的
rarely,很少
rat,老鼠
rate,率
rates,利率
rather,而
rating,评级
ratings,评级
ratios,比率
raw,生
ray,射线
reached,达到了
reaches,到达
read,读
reader,读者
readers,读者
readily,容易
reading,阅读
reads,读取
ready,准备
real,真正的
reality,现实
realize,意识到
really,真的
realm,领域
realtor,房产经纪
realty,物业
reason,原因
reasons,原因
rebate,退税
rebates,退税
rebound,反弹
recall,回忆
receipt,收据
receive,收到
recent,最近
recipe,配方
recipes,食谱
record,记录
records,记录
recover,恢复
red,红色的
redeem,赎回
redhead,红发
reduce,减少
reduced,减少
reduces,减少
refers,是指
refine,完善
refined,精制
reflect,反映
reform,改革
reforms,改革
refresh,刷新
refund,退款
refuse,拒绝
refused,拒绝
regard,看待
regards,问候
reggae,雷鬼
regime,政权
region,地区
regions,地区
regular,常规
reject,拒绝
relate,联系
relates,有关
relax,放松
relay,继电器
release,释放
relief,救援
reload,重新加载
relying,依赖
remain,保持
remains,保持
remark,备注
remarks,讲话
remedy,补救
remind,提醒
remote,远程
removal,删除
remove,删除
removed,删除
render,渲染
renew,更新
renewal,更新
rent,黑暗
rental,租赁
rentals,租赁
repair,修复
repairs,维修
repeat,重复
replace,取代
replica,副本
replied,回答
replies,回复
reply,回复
report,报告
reports,报告
reprint,重印
request,请求
require,需要
rescue,救援
reserve,储备
reset,重置
resist,抵制
resolve,解决
resort,度假胜地
resorts,度假村
respect,尊重
respond,回应
rest,休息
restore,恢复
result,结果
results,结果
resume,恢复
resumes,简历
retail,零售
retain,保留
retired,退休
retreat,撤退
retro,复古的
return,返回
returns,返回
reunion,团聚
reveal,揭示
reveals,揭示了
revenge,复仇
revenue,收入
reverse,反向
review,审查
revised,修改后的
reward,奖励
rhythm,节奏
ribbon,丝带
rich,富有
rid,摆脱
ride,骑
rider,骑手
riders,骑手
rides,游乐设施
ridge,脊
riding,骑
right,右边
rights,权利
ring,环
rip,撕裂
rise,上升
rising,上升中
risk,风险
risks,风险
river,河
rivers,河流
road,路
roads,道路
rob,抢劫
robin,罗宾
robot,机器人
robots,机器人
robust,健壮的
rock,岩石
rocket,火箭
rocks,岩石
rocky,岩石的
rod,杆
role,角色
roles,角色
roll,卷
rolled,滚
roller,辊
rolling,滚动
rolls,卷
roman,罗马
romance,浪漫
room,房间
rooms,房间
root,根
roots,根
rose,玫瑰
rotary,旋转
rouge,胭脂
rough,粗糙的
roughly,约
round,轮
rounds,轮
router,路由器
routers,路由器
routes,路线
routine,例程
routing,路由
rover,探测器
row,行
royal,皇家
royalty,皇室
rubber,橡胶
rug,地毯
rule,规则
rules,规则
ruling,裁决
run,运行
runner,跑步者
running,运行
runs,运行
runtime,运行时
russia,俄罗斯
russian,俄罗斯人
sad,悲伤的
safe,安全
safely,安全
safer,更安全的
safety,安全
said,说
sailing,航行
saints,圣人
salad,沙拉
salary,工资
sale,出售
sales,销售
sally,出击
salmon,大马哈鱼
salon,沙龙
salt,盐
same,相同
sample,样本
samples,样品
sandy,沙质
santa,圣诞老人
sap,树液
sat,坐
satin,缎
satisfy,满足
saturn,土星
sauce,酱汁
savage,野蛮人
save,保存
saved,保存
saves,节省了
saving,储蓄
savings,储蓄
saw,看到
say,说
saying,说
says,说
scale,规模
scales,尺度
scanned,扫描
scanner,扫描仪
scared,害怕
scenes,场景
scenic,风景优美
schema,模式
scheme,计划
schemes,计划
scholar,学者
school,学校
schools,学校
science,科学
scoop,勺子
score,分数
scored,得分
scores,分数
scoring,得分
scout,侦查
scratch,刮伤
screen,屏幕
screens,屏幕
screw,螺杆
script,脚本
scroll,滚动
scuba,潜水
sea,海
seafood,海鲜
sealed,密封
search,搜索
season,季节
seasons,季节
seat,座位
seating,座位
seats,座位
second,第二个
seconds,秒
secret,秘密
secrets,秘密
sector,部门
sectors,行业
secure,安全
secured,担保
see,看到
seeds,种子
seeing,看到
seek,寻求
seeker,搜索者
seekers,搜索者
seeking,寻求
seem,似乎
seemed,似乎
seems,似乎
seen,见过
segment,段
select,选择
self,自我
sell,出售
seller,卖方
sellers,卖家
selling,销售
sells,销售
seminar,研讨会
senate,参议院
senator,参议员
send,发送
sender,发送方
sending,发送
sends,发送
senior,高级
seniors,老年人
sense,感觉
sensor,传感器
sensors,传感器
sent,发送
serial,串行
series,系列
serious,严重的
serve,服务
served,服务
server,服务器
serves,服务
service,服务
serving,服务
session,会议
set,设置
sets,套
setting,设置
settle,解决
settled,定居
seven,七个
seventh,第七
several,几个
severe,严重的
sewing,缝纫
shade,阴影
shades,阴影
shadow,影子
shadows,阴影
shake,摇
shame,羞愧
shaped,形状的
shapes,形状
share,分享
shared,共享
shares,股票
sharing,分享
shark,鲨鱼
she,她
sheep,羊
sheer,纯粹的
sheet,床单
sheets,表
shelf,架子上
shell,壳牌
shelter,避难所
sheriff,治安官
shield,盾
shift,转变
shine,发光
ship,船
ships,船只
shirt,衬衫
shirts,衬衫
shit,粪便
shock,冲击
shoes,鞋子
shoot,射击
shop,商店
shopper,购物者
shops,商店
shore,海岸
short,短
shorter,更短的
shortly,不久
shorts,短裤
shot,拍摄
shots,照片
should,应该
show,显示
showed,显示
shower,淋浴
showers,淋浴
showing,显示
shows,显示
shuttle,穿梭
side,边
sides,侧面
sight,视线
sign,标志
signal,信号
signals,信号
signed,签署
signing,签署
silence,沉默
silent,沉默
silicon,硅
silly,愚蠢的
silver,银
similar,类似的
simple,简单的
simply,简单的
sin,罪
since,自从
singer,歌手
singing,唱歌
single,单
singles,单身
sip,啜饮
sir,先生
sister,妹妹
sit,坐
site,地点
sites,网站
sitting,坐着
six,六个
sixth,第六
size,大小
skating,滑冰
ski,滑雪
skiing,滑雪
skill,技能
skilled,熟练的
skills,技能
skin,皮肤
skins,皮
skip,跳过
skirt,裙子
skirts,裙子
sky,天空
sleeps,睡觉
sleeve,袖
slides,幻灯片
slight,轻微的
slope,坡
slots,槽
slow,慢
slowly,慢慢地
small,小
smaller,更小
smart,聪明的
smell,气味
smile,微笑
smoke,烟
smoking,吸烟
smooth,光滑的
snake,蛇
snow,雪
soccer,足球
social,社会
society,社会
socket,套接字
socks,袜子
sodium,钠
soft,软
soil,土壤
solar,太阳能
sold,出售
soldier,士兵
solely,仅仅
solid,固体
solved,解决了
solving,解决
some,一些
somehow,某程度上
someone,某人
son,儿子
song,首歌
songs,歌曲
sonic,声波
soon,很快
sort,排序
sorted,排序
sorts,排序
sought,寻求
soul,灵魂
souls,灵魂
sound,声音
sounds,听起来
source,源
sources,来源
south,南
spa,水疗中心
space,空间
spaces,空间
spain,西班牙
spanish,西班牙语
spare,备用
spatial,空间
speaker,演讲者
speaks,说话
special,特殊的
species,物种
specify,指定
speech,演讲
speed,速度
speeds,速度
spell,拼写
sphere,球体
spice,香料
spider,蜘蛛
spine,脊柱
spirit,精神
spirits,精神
split,分裂
spoke,说话
spoken,口语
sponsor,赞助商
sport,体育
sports,体育
spot,点
spots,点
spouse,配偶
spray,喷雾
spread,传播
spring,春天
springs,弹簧
spy,间谍
squad,队
square,广场
squirt,喷射
stable,稳定的
stack,堆栈
stadium,体育场
staff,职员
stage,阶段
stages,阶段
stake,股份
stamp,邮票
stamps,邮票
stand,站
stands,站
star,明星
stars,星星
start,开始
started,开始
starter,起动器
starts,开始
startup,启动
state,状态
stated,所述
states,州
static,静态
stating,声明
station,站
status,状态
statute,法令
stay,保持
stayed,待
staying,住
stays,保持
steady,稳定的
steel,钢
step,一步
steps,步骤
stereo,立体声
sticker,贴纸
sticks,棒
sticky,黏糊
still,仍然
stock,股票
stocks,股票
stolen,偷来的
stomach,胃
stone,石头
stones,石头
stop,停止
stopped,停止
stops,停止
storage,存储
store,商店
stored,存储
stores,商店
stories,故事
story,故事
strain,应变
strand,链
strange,奇怪的
strap,带
stream,流
streams,流
street,街
streets,街道
stress,压力
stretch,拉伸
strict,严格的
strike,罢工
strikes,罢工
string,细绳
strings,细绳
strip,带
stripes,条纹
strips,条
stroke,中风
strong,强大的
struck,罢工
struct,结构
student,学生
studied,研究了
studies,研究
studio,工作室
studios,工作室
study,研究
stuff,的东西
stuffed,塞
style,风格
styles,风格
stylish,时尚的
stylus,手写笔
sub,替补
submit,提交
subtle,微妙的
succeed,成功
success,成功
such,这样
sudden,突然
sue,苏
suffer,遭受
suggest,建议
suicide,自杀
suite,套件
suited,适合
suites,套房
suits,西装
sum,总和
summary,总结
summer,夏天
summit,峰会
sun,太阳
sunday,周日
sunny,阳光明媚
sunrise,日出
sunset,日落
super,超级
superb,一流的
supply,供应
suppose,假设
supreme,最高
sure,确定
surely,肯定
surface,表面
surfing,冲浪
surge,飙升
surgeon,外科医生
surgery,手术
surname,头姓
surplus,盈余
surrey,萨里
survey,调查
survive,生存
suspect,怀疑
sweden,瑞典
swift,燕子
swing,摇摆
switch,开关
sword,剑
sydney,悉尼
symbol,象征
symbols,符号
syntax,语法
system,系统
tab,选项卡
table,表格
tables,表
tablet,平板电脑
tablets,平板电脑
tackle,解决
tactics,战术
tag,标签
tagged,标记
tags,标签
tahoe,太浩
take,取
taken,采取
takes,需要
taking,采取
talent,人才
tales,故事
talk,说话
talked,交谈
talking,说话
talks,会谈
tamil,泰米尔
tan,棕褐色
tanks,坦克
tap,利用
tape,磁带
tapes,磁带
tar,焦油
target,目标
targets,目标
tariff,关税
task,任务
tasks,任务
taste,味道
taste,味道
tattoo,纹身
taught,教
tax,税
tea,茶
teach,教
teacher,老师
teaches,教
tear,眼泪
tears,眼泪
tech,科技
techno,电子
teddy,泰迪
teenage,青少年
teens,青少年
teeth,牙齿
telecom,电信
tell,告诉
telling,告诉
temple,寺庙
ten,十个
tenant,租户
tender,温柔的
tennis,网球
tension,张力
term,学期
terms,条款
terrace,阳台
terrain,地形
terror,恐怖
test,测试
tested,测试
testing,测试
tests,测试
text,文本
textile,纺织
texts,文本
texture,纹理
than,比
thank,谢谢
thanks,谢谢
the,的
theater,剧院
theatre,剧院
their,他们的
them,他们
theme,主题
themes,主题
then,然后
theorem,定理
theory,理论
therapy,东部
there,在那里
thereby,从而
thereof,其中
thermal,热
these,这些
thesis,论文
theta,θ
they,他们
thick,厚
thing,事情
things,的事情
think,认为
thinks,认为
third,第三
thirty,三十
this,这
those,那些
though,虽然
thought,认为
thread,线
threads,线
threat,威胁
threats,威胁
three,三个
throat,喉咙
through,通过
throw,扔
thrown,扔
throws,抛出
thumb,拇指
thumbs,拇指
thunder,雷
ticket,票
tie,领带
tigers,老虎
tight,紧
tiles,瓷砖
timber,木材
time,时间
timely,及时的
timer,计时器
times,次数
timing,时机
tin,锡
tip,提示
tips,提示
tires,轮胎
tissue,组织
title,标题
titled,题为
titles,标题
tobacco,烟草
today,今天
toddler,蹒跚学步
toe,脚趾
toilet,厕所
told,告诉
toll,人数
tomato,番茄
ton,吨
toner,碳粉
tones,音调
tongue,舌头
tonight,今晚
too,太
took,花了
tool,工具
toolbox,工具箱
toolkit,工具包
tools,工具
tooth,牙
top,顶部
topic,主题
topics,主题
topless,袒胸
total,总计
totally,完全
totals,总数
touch,触摸
touched,感触
tour,之旅
touring,巡演
tourism,旅游
tourist,旅客
tours,旅游
toward,向
towards,对
tower,塔
towers,塔
town,小镇
towns,城镇
toxic,有毒
toy,玩具
toys,玩具
trace,跟踪
track,跟踪
tracked,跟踪
tracker,跟踪器
tracks,跟踪
tractor,拖拉机
trade,贸易
trader,交易员
trades,交易
trading,交易
traffic,交通
tragedy,悲剧
trailer,预告片
trails,小径
trained,训练有素的
trainer,教练
trains,火车
trance,恍惚
transit,交通
trash,垃圾
trauma,创伤
travel,旅行
travels,旅行
treat,治疗
treated,治疗
treaty,条约
tree,树
trend,趋势
trends,趋势
trial,试验
trials,试用
tribal,部落
tribe,部落
tribes,部落
tribute,致敬
trick,技巧
tricks,技巧
tries,试
trigger,触发
trinity,三位一体
trip,旅行
triple,三倍
trips,旅行
trips,旅行
triumph,胜利
troops,军队
trouble,麻烦
trout,鳟鱼
trucks,卡车
TRUE,真实
trunk,树干
trust,信任
trusted,受信任的
trustee,受托人
trusts,信托基金
try,尝试
trying,尝试
tsunami,海啸
tub,浴缸
tuesday,周二
tuition,学费
tulsa,塔尔萨
tuner,调谐器
tunes,曲调
tuning,调优
tunnel,隧道
turbo,涡轮增压
turkey,火鸡
turn,转
turned,转
turning,把
turns,转
turtle,乌龟
twelve,十二个
twenty,二十
twice,两次
twins,双胞胎
twist,扭
twisted,扭曲的
two,两个
tyler,泰勒
type,类型
types,类型
typical,典型的
typing,打字
ukraine,乌克兰
unable,不能
uncle,叔叔
under,下
unified,统一
uniform,统一的
union,联盟
unions,工会
unique,独特的
unit,单位
united,团结的
units,单位
unity,团结
unknown,未知的
unless,除非
unlike,不像
unlock,解锁
until,直到
unusual,不寻常
unwrap,打开
update,更新
updated,更新
updates,更新
upgrade,溢价
upload,上传
upon,在
upper,上
urban,城市
urgent,紧急的
use,使用
used,使用
useful,有用的
user,用户
users,用户
uses,使用
using,使用
usual,通常
usually,通常
utility,效用
utilize,利用
vaccine,疫苗
vacuum,真空
valid,有效的
valley,谷
value,价值
valued,有价值
values,值
valve,阀
valves,阀门
van,范
vanilla,香草
varied,多样
varies,不同
variety,各种
various,多种
varying,不同
vat,增值税
vault,库
vector,向量
vehicle,车辆
velvet,天鹅绒
vendor,供应商
vendors,供应商
venture,创业
venue,场地
venues,场馆
verbal,口头
verify,验证
verse,节
versus,与
vertex,顶点
very,非常
vessel,船
vessels,船只
veteran,经验丰富
via,通过
vice,副
victim,受害者
victims,受害者
victory,胜利
video,视频
videos,视频
view,视图
viewed,查看
viewer,查看器
viewers,观众
viewing,查看
views,的观点
viking,维京人
villa,别墅
village,村
vintage,古董
vinyl,乙烯基
violent,暴力
violin,小提琴
virtual,虚拟
virtue,美德
virus,病毒
viruses,病毒
visa,签证
visible,可见
vision,愿景
visit,访问
visited,参观了
visitor,游客
visits,访问
visual,视觉
vital,的
vitamin,维生素
vocal,直言不讳
vocals,人声
voice,的声音
voices,声音
void,无效
voltage,电压
volume,体积
volumes,卷
vote,投票
voted,投票
voters,选民
voting,投票
wages,工资
wagon,马车
wait,等待
waiting,等待
waiver,豁免
walk,走
walked,走
walking,走
walks,走
wall,墙
wallet,钱包
walls,墙画
walnut,胡桃木
want,想要
wanted,想要
wanting,想要
war,战争
warm,温暖的
warming,气候变暖
warned,警告
warning,警告
warrant,保证
warrior,战士
wars,战争
was,是
washer,垫圈
waste,浪费
watch,看
watched,看着
watches,手表
water,水
waters,水域
wave,波
waves,波
wax,蜡
way,道路
ways,方法
wealth,财富
weapon,武器
weapons,武器
wear,穿
wearing,穿
weather,天气
web,网络
webcam,网络摄像头
webcams,网络摄像
webcast,网络直播
weblogs,博客
webpage,网页
website,网站
wedding,婚礼
week,周
weekend,周末
weekly,每周
weeks,周
weight,重量
weights,权重
welcome,欢迎
welding,焊接
welfare,福利
well,好
wells,井
went,去了
were,是
western,西方
wet,湿
whale,鲸鱼
what,什么
wheat,小麦
wheels,轮子
when,当
where,在哪里
whereas,而
whether,是否
which,哪一个
while,而
whilst,同时
white,白色
who,谁
whole,整个
whom,谁
why,为什么
wicked,邪恶的
wide,宽
widely,广泛
wife,妻子
wild,野生
will,将
willing,愿意
willow,柳树
win,赢得
wind,风
window,窗口
windows,窗户
winds,风
wine,酒
wines,葡萄酒
winner,赢家
winners,赢家
winning,赢得
winter,冬天
wire,电线
wires,电线
wiring,布线
wisdom,智慧
wish,希望
wishes,祝愿
wishing,祝愿
with,与
within,在
witness,见证
wives,妻子
wizard,巫师
woman,女人
women,女性
womens,女子
won,赢得了
wonder,想知道
wood,木
wooden,木
woods,木
word,词
words,单词
work,工作
worked,工作
worker,工人
workers,工人
working,工作
workout,锻炼
works,作品
world,世界
worlds,世界
worried,担心
worry,担心
worship,敬拜
worst,糟糕
worth,价值
worthy,有价值的
wound,伤口
wow,哇
wrapped,包装
wrist,手腕
write,写
writer,作家
writers,作家
writes,写
writing,写作
written,写
wrong,错误
wrote,写了
yacht,游艇
yards,森林
yeah,是的
year,一年
yearly,每年
years,年
yeast,酵母
yellow,黄色
yen,元
yes,是的
yet,然而
yield,产量
yields,产量
you,你
young,年轻
younger,更年轻
your,你的
youth,青年
zen,禅
zero,零
zip,拉链
zone,区
zones,区
zoning,分区
zoo,动物园
zoom,变焦
